Workbook

Sheet Start Here
A1: WORLD CUP 2026 PICK'EM — START HERE
A4: How it works
A5: Two separate contests, two buy-ins, two pots, two winners:
A6: • GROUP pool — pick the winner of all 12 groups, the single WORST team of the group stage, and total group goals (tiebreaker). Winner takes the whole group pot. Locks at 1st kickoff, June 11.
A7: • KNOCKOUT pool — a fresh buy-in. After the Round of 32 is set (~June 27), pick the winner of every knockout match. Most total points takes the whole knockout pot.
A8: Scoring, leaderboards and payouts calculate automatically. You only enter results on the Results tab.
A10: The tabs
A11: Settings ........ point values, buy-ins, payouts (yellow cells)
A12: Teams ........... the 12 groups (verify vs FIFA) — reference for your Group form
A13: Group Picks ..... one row per person (winners + worst team + goals); Form responses land here
A14: Knockout Picks .. one row per person; built after the group stage
A15: Results ......... YOU enter actual outcomes here (group winners, worst team, knockout results)
... A35: Heads-up: pooling money may be subject to local laws / workplace policy. Keep it friendly and check before collecting.

Sheet Settings
A1: SETTINGS — edit the yellow cells only
A2: Yellow = you change these. Everything else calculates automatically.
A4: Group-stage scoring
A5: Points per correct group winner (×12 groups) | B5: 1
A6: Points for correct WORST team (1 pick) | B6: 5 | C6: the single worst team of the whole group stage
A7: Group pot tiebreaker = closest predicted total group goals
A9: Knockout scoring (points per correct match pick)
A10: Round of 32 (16 matches) | B10: 1
A11: Round of 16 (8 matches) | B11: 2
A12: Quarterfinal (4 matches) | B12: 4
A13: Semifinal (2 matches) | B13: 8
A14: Final (1 match) | B14: 16
A15: Want every pick to count the same? Set all five to 1.
A17: Money — buy-ins
A18: Group buy-in per person ($) | B18: 20
A19: Knockout buy-in per person ($) | B19: 20
A20: (Each pot = buy-in × number of entrants, counted automatically.)
A22: Money — payouts
A23: Group pot | B23: WINNER TAKES ALL
A24: Knockout pot | B24: WINNER TAKES ALL
A25: Two pools → two winners → two pots.

Sheet Teams
A1: GROUPS & TEAMS (reference for your Group form dropdowns)
A2: ⚠ Verify against FIFA's official site before locking picks — money's involved. Edit any team here if the draw differs.
A4: Group | B4: Team 1 | C4: Team 2 | D4: Team 3 | E4: Team 4
A5: Group A | B5: Mexico | C5: South Africa | D5: South Korea | E5: Czechia
A6: Group B | B6: Canada | C6: Bosnia and Herzegovina | D6: Qatar | E6: Switzerland
A7: Group C | B7: Brazil | C7: Morocco | D7: Haiti | E7: Scotland
A8: Group D | B8: United States | C8: Paraguay | D8: Australia | E8: Türkiye
A9: Group E | B9: Germany | C9: Curaçao | D9: Ivory Coast | E9: Ecuador
A10: Group F | B10: Netherlands | C10: Japan | D10: Sweden | E10: Tunisia
A11: Group G | B11: Belgium | C11: Egypt | D11: Iran | E11: New Zealand
A12: Group H | B12: Spain | C12: Cape Verde | D12: Saudi Arabia | E12: Uruguay
A13: Group I | B13: France | C13: Senegal | D13: Iraq | E13: Norway
A14: Group J | B14: Argentina | C14: Algeria | D14: Austria | E14: Jordan
A15: Group K | B15: Portugal | C15: DR Congo | D15: Uzbekistan | E15: Colombia
A16: Group L | B16: England | C16: Croatia | D16: Ghana | E16: Panama

Sheet Group Picks
A1: GROUP PICKS — one row per person (Form responses land here)
A2: Alice (sample) | B2: Mexico | C2: Canada | D2: Brazil | E2: United States | F2: Germany | G2: Netherlands | H2: Belgium | I2: Spain | J2: France | K2: Argentina | L2: Portugal | M2: England | N2: Haiti | O2: 150
A3: Bob (sample) | B3: Mexico | C3: Switzerland | D3: Morocco | E3: United States | F3: Germany | G3: Japan | H3: Belgium | I3: Uruguay | J3: France | K3: Argentina | L3: Colombia | M3: England | N3: Panama | O3: 130
A4: Cara (sample) | B4: South Korea | C4: Switzerland | D4: Brazil | E4: Türkiye | F4: Germany | G4: Netherlands | H4: Egypt | I4: Spain | J4: Norway | K4: Argentina | L4: Portugal | M4: Croatia | N4: Haiti | O4: 145

Sheet Knockout Picks
A1: KNOCKOUT PICKS — one row per person (built after groups; Form responses land here)
A2: Alice (sample) | B2: Brazil | C2: Spain | D2: France | E2: Argentina | F2: England | G2: Germany | H2: Netherlands | I2: Portugal | J2: Belgium | K2: Mexico | L2: United States | M2: Croatia | N2: Uruguay | O2: Morocco | P2: Japan | Q2: Colombia | R2: Switzerland | S2: Senegal | T2: Ecuador | U2: Norway | V2: Australia | W2: Canada | X2: Egypt | Y2: Sweden | Z2: Iran | AA2: Ghana | AB2: Panama | AC2: Scotland | AD2: Austria | AE2: Paraguay | AF2: Qatar
A3: Bob (sample) | B3: Spain | C3: Spain | D3: France | E3: England | F3: England | G3: Germany | H3: Portugal | I3: Portugal | J3: Belgium | K3: United States | L3: United States | M3: Croatia | N3: Morocco | O3: Morocco | P3: Japan | Q3: Switzerland | R3: Switzerland | S3: Senegal | T3: Ecuador | U3: Norway | V3: Australia | W3: Canada | X3: Egypt | Y3: Sweden | Z3: Iran | AA3: Ghana | AB3: Panama | AC3: Scotland | AD3: Austria | AE3: Paraguay | AF3: Qatar
A4: Cara (sample) | B4: Spain | C4: Spain | D4: Argentina | E4: England | F4: England | G4: Germany | H4: Portugal | I4: Portugal | J4: Belgium | K4: United States | L4: United States | M4: Croatia | N4: Morocco | O4: Morocco | P4: Japan | Q4: Switzerland | R4: Switzerland | S4: Senegal | T4: Norway | U4: Norway | V4: Australia | W4: Egypt | X4: Egypt | Y4: Sweden | Z4: Ghana | AA4: Ghana | AB4: Panama | AC4: Austria | AD4: Austria | AE4: Paraguay | AF4: Brazil

Sheet Results
A1: RESULTS — enter actual outcomes here as they happen
A2: Fill these as the tournament plays out; every leaderboard and payout updates automatically. (Sample values shown — clear before your pool.)
A4: Actual group winners → | B4: Group A | C4: Group B | D4: Group C | E4: Group D | F4: Group E | G4: Group F | H4: Group G | I4: Group H | J4: Group I | K4: Group J | L4: Group K | M4: Group L | N4: Actual WORST team | P4: Actual total group goals
A5: (winners) | B5: Mexico | C5: Switzerland | D5: Brazil | E5: United States | F5: Germany | G5: Netherlands | H5: Belgium | I5: Spain | J5: France | K5: Argentina | L5: Portugal | M5: England | N5: Haiti | P5: 145
A8: Knockout match winners → | B8: R32-1 | C8: R32-2 | D8: R32-3 | E8: R32-4 | F8: R32-5 | G8: R32-6 | H8: R32-7 | I8: R32-8 | J8: R32-9 | K8: R32-10 | L8: R32-11 | M8: R32-12 | N8: R32-13 | O8: R32-14 | P8: R32-15 | Q8: R32-16 | R8: R16-1 | S8: R16-2 | T8: R16-3 | U8: R16-4 | V8: R16-5 | W8: R16-6 | X8: R16-7 | Y8: R16-8 | Z8: QF-1 | AA8: QF-2 | AB8: QF-3 | AC8: QF-4 | AD8: SF-1 | AE8: SF-2 | AF8: Final
A9: (winners) | B9: Brazil | C9: Spain | D9: France | E9: Argentina | F9: England | G9: Germany | H9: Netherlands | I9: Portugal | J9: Belgium | K9: Mexico | L9: United States | M9: Croatia | N9: Uruguay | O9: Morocco | P9: Japan | Q9: Colombia | R9: Switzerland | S9: Senegal | T9: Ecuador | U9: Norway | V9: Australia | W9: Canada | X9: Egypt | Y9: Sweden | Z9: Iran | AA9: Ghana | AB9: Panama | AC9: Scotland | AD9: Austria | AE9: Paraguay | AF9: Qatar

Sheet Group Leaderboard
A1: GROUP-STAGE LEADERBOARD (winner takes the group pot)
A3: Player | B3: Correct winners | C3: Worst team ✓ | D3: Points | E3: Goals diff (tiebreak) | F3: Score | G3: Rank
A4: =IF('Group Picks'!A2="","",'Group Picks'!A2) -> Alice (sample) | B4: =IF($A4="","",SUMPRODUCT(('Group Picks'!$B2:$M2=Results!$B$5:$M$5)*(Results!$B$5:$M$5<>""))) -> 11 | C4: =IF($A4="","",IF(Results!$N$5="",0,IF('Group Picks'!$N2=Results!$N$5,1,0))) -> 1 | D4: =IF($A4="","",B4*Settings!$B$5+C4*Settings!$B$6) -> 16 | E4: =IF($A4="","",IF(Results!$P$5="","",ABS('Group Picks'!$O2-Results!$P$5))) -> 5 | F4: =IF($A4="","",D4-IF(ISNUMBER(E4),E4,0)/1000) -> 15.995 | G4: =IF($A4="","",RANK(F4,$F$4:$F$43,0)) -> 1
A5: =IF('Group Picks'!A3="","",'Group Picks'!A3) -> Bob (sample) | B5: =IF($A5="","",SUMPRODUCT(('Group Picks'!$B3:$M3=Results!$B$5:$M$5)*(Results!$B$5:$M$5<>""))) -> 8 | C5: =IF($A5="","",IF(Results!$N$5="",0,IF('Group Picks'!$N3=Results!$N$5,1,0))) -> 0 | D5: =IF($A5="","",B5*Settings!$B$5+C5*Settings!$B$6) -> 8 | E5: =IF($A5="","",IF(Results!$P$5="","",ABS('Group Picks'!$O3-Results!$P$5))) -> 15 | F5: =IF($A5="","",D5-IF(ISNUMBER(E5),E5,0)/1000) -> 7.985 | G5: =IF($A5="","",RANK(F5,$F$4:$F$43,0)) -> 3
A6: =IF('Group Picks'!A4="","",'Group Picks'!A4) -> Cara (sample) | B6: =IF($A6="","",SUMPRODUCT(('Group Picks'!$B4:$M4=Results!$B$5:$M$5)*(Results!$B$5:$M$5<>""))) -> 7 | C6: =IF($A6="","",IF(Results!$N$5="",0,IF('Group Picks'!$N4=Results!$N$5,1,0))) -> 1 | D6: =IF($A6="","",B6*Settings!$B$5+C6*Settings!$B$6) -> 12 | E6: =IF($A6="","",IF(Results!$P$5="","",ABS('Group Picks'!$O4-Results!$P$5))) -> 0 | F6: =IF($A6="","",D6-IF(ISNUMBER(E6),E6,0)/1000) -> 12 | G6: =IF($A6="","",RANK(F6,$F$4:$F$43,0)) -> 2
A7: =IF('Group Picks'!A5="","",'Group Picks'!A5) | B7: =IF($A7="","",SUMPRODUCT(('Group Picks'!$B5:$M5=Results!$B$5:$M$5)*(Results!$B$5:$M$5<>""))) | C7: =IF($A7="","",IF(Results!$N$5="",0,IF('Group Picks'!$N5=Results!$N$5,1,0))) | D7: =IF($A7="","",B7*Settings!$B$5+C7*Settings!$B$6) | E7: =IF($A7="","",IF(Results!$P$5="","",ABS('Group Picks'!$O5-Results!$P$5))) | F7: =IF($A7="","",D7-IF(ISNUMBER(E7),E7,0)/1000) | G7: =IF($A7="","",RANK(F7,$F$4:$F$43,0))
A8: =IF('Group Picks'!A6="","",'Group Picks'!A6) | B8: =IF($A8="","",SUMPRODUCT(('Group Picks'!$B6:$M6=Results!$B$5:$M$5)*(Results!$B$5:$M$5<>""))) | C8: =IF($A8="","",IF(Results!$N$5="",0,IF('Group Picks'!$N6=Results!$N$5,1,0))) | D8: =IF($A8="","",B8*Settings!$B$5+C8*Settings!$B$6) | E8: =IF($A8="","",IF(Results!$P$5="","",ABS('Group Picks'!$O6-Results!$P$5))) | F8: =IF($A8="","",D8-IF(ISNUMBER(E8),E8,0)/1000) | G8: =IF($A8="","",RANK(F8,$F$4:$F$43,0))
A9: =IF('Group Picks'!A7="","",'Group Picks'!A7) | B9: =IF($A9="","",SUMPRODUCT(('Group Picks'!$B7:$M7=Results!$B$5:$M$5)*(Results!$B$5:$M$5<>""))) | C9: =IF($A9="","",IF(Results!$N$5="",0,IF('Group Picks'!$N7=Results!$N$5,1,0))) | D9: =IF($A9="","",B9*Settings!$B$5+C9*Settings!$B$6) | E9: =IF($A9="","",IF(Results!$P$5="","",ABS('Group Picks'!$O7-Results!$P$5))) | F9: =IF($A9="","",D9-IF(ISNUMBER(E9),E9,0)/1000) | G9: =IF($A9="","",RANK(F9,$F$4:$F$43,0))
A10: =IF('Group Picks'!A8="","",'Group Picks'!A8) | B10: =IF($A10="","",SUMPRODUCT(('Group Picks'!$B8:$M8=Results!$B$5:$M$5)*(Results!$B$5:$M$5<>""))) | C10: =IF($A10="","",IF(Results!$N$5="",0,IF('Group Picks'!$N8=Results!$N$5,1,0))) | D10: =IF($A10="","",B10*Settings!$B$5+C10*Settings!$B$6) | E10: =IF($A10="","",IF(Results!$P$5="","",ABS('Group Picks'!$O8-Results!$P$5))) | F10: =IF($A10="","",D10-IF(ISNUMBER(E10),E10,0)/1000) | G10: =IF($A10="","",RANK(F10,$F$4:$F$43,0))
A11: =IF('Group Picks'!A9="","",'Group Picks'!A9) | B11: =IF($A11="","",SUMPRODUCT(('Group Picks'!$B9:$M9=Results!$B$5:$M$5)*(Results!$B$5:$M$5<>""))) | C11: =IF($A11="","",IF(Results!$N$5="",0,IF('Group Picks'!$N9=Results!$N$5,1,0))) | D11: =IF($A11="","",B11*Settings!$B$5+C11*Settings!$B$6) | E11: =IF($A11="","",IF(Results!$P$5="","",ABS('Group Picks'!$O9-Results!$P$5))) | F11: =IF($A11="","",D11-IF(ISNUMBER(E11),E11,0)/1000) | G11: =IF($A11="","",RANK(F11,$F$4:$F$43,0))
A12: =IF('Group Picks'!A10="","",'Group Picks'!A10) | B12: =IF($A12="","",SUMPRODUCT(('Group Picks'!$B10:$M10=Results!$B$5:$M$5)*(Results!$B$5:$M$5<>""))) | C12: =IF($A12="","",IF(Results!$N$5="",0,IF('Group Picks'!$N10=Results!$N$5,1,0))) | D12: =IF($A12="","",B12*Settings!$B$5+C12*Settings!$B$6) | E12: =IF($A12="","",IF(Results!$P$5="","",ABS('Group Picks'!$O10-Results!$P$5))) | F12: =IF($A12="","",D12-IF(ISNUMBER(E12),E12,0)/1000) | G12: =IF($A12="","",RANK(F12,$F$4:$F$43,0))
A13: =IF('Group Picks'!A11="","",'Group Picks'!A11) | B13: =IF($A13="","",SUMPRODUCT(('Group Picks'!$B11:$M11=Results!$B$5:$M$5)*(Results!$B$5:$M$5<>""))) | C13: =IF($A13="","",IF(Results!$N$5="",0,IF('Group Picks'!$N11=Results!$N$5,1,0))) | D13: =IF($A13="","",B13*Settings!$B$5+C13*Settings!$B$6) | E13: =IF($A13="","",IF(Results!$P$5="","",ABS('Group Picks'!$O11-Results!$P$5))) | F13: =IF($A13="","",D13-IF(ISNUMBER(E13),E13,0)/1000) | G13: =IF($A13="","",RANK(F13,$F$4:$F$43,0))
A14: =IF('Group Picks'!A12="","",'Group Picks'!A12) | B14: =IF($A14="","",SUMPRODUCT(('Group Picks'!$B12:$M12=Results!$B$5:$M$5)*(Results!$B$5:$M$5<>""))) | C14: =IF($A14="","",IF(Results!$N$5="",0,IF('Group Picks'!$N12=Results!$N$5,1,0))) | D14: =IF($A14="","",B14*Settings!$B$5+C14*Settings!$B$6) | E14: =IF($A14="","",IF(Results!$P$5="","",ABS('Group Picks'!$O12-Results!$P$5))) | F14: =IF($A14="","",D14-IF(ISNUMBER(E14),E14,0)/1000) | G14: =IF($A14="","",RANK(F14,$F$4:$F$43,0))
A15: =IF('Group Picks'!A13="","",'Group Picks'!A13) | B15: =IF($A15="","",SUMPRODUCT(('Group Picks'!$B13:$M13=Results!$B$5:$M$5)*(Results!$B$5:$M$5<>""))) | C15: =IF($A15="","",IF(Results!$N$5="",0,IF('Group Picks'!$N13=Results!$N$5,1,0))) | D15: =IF($A15="","",B15*Settings!$B$5+C15*Settings!$B$6) | E15: =IF($A15="","",IF(Results!$P$5="","",ABS('Group Picks'!$O13-Results!$P$5))) | F15: =IF($A15="","",D15-IF(ISNUMBER(E15),E15,0)/1000) | G15: =IF($A15="","",RANK(F15,$F$4:$F$43,0))
... A43: =IF('Group Picks'!A41="","",'Group Picks'!A41) | B43: =IF($A43="","",SUMPRODUCT(('Group Picks'!$B41:$M41=Results!$B$5:$M$5)*(Results!$B$5:$M$5<>""))) | C43: =IF($A43="","",IF(Results!$N$5="",0,IF('Group Picks'!$N41=Results!$N$5,1,0))) | D43: =IF($A43="","",B43*Settings!$B$5+C43*Settings!$B$6) | E43: =IF($A43="","",IF(Results!$P$5="","",ABS('Group Picks'!$O41-Results!$P$5))) | F43: =IF($A43="","",D43-IF(ISNUMBER(E43),E43,0)/1000) | G43: =IF($A43="","",RANK(F43,$F$4:$F$43,0))
A45: Tiebreak: most points, then closest predicted total goals.

Sheet Knockout Leaderboard
A1: KNOCKOUT LEADERBOARD (champion takes the knockout pot)
A3: Player | B3: R32 pts | C3: R16 pts | D3: QF pts | E3: SF pts | F3: Final pts | G3: Total | H3: Rank
A4: =IF('Knockout Picks'!A2="","",'Knockout Picks'!A2) -> Alice (sample) | B4: =IF($A4="","",SUMPRODUCT(('Knockout Picks'!$B2:$Q2=Results!$B$9:$Q$9)*(Results!$B$9:$Q$9<>""))*Settings!$B$10) -> 16 | C4: =IF($A4="","",SUMPRODUCT(('Knockout Picks'!$R2:$Y2=Results!$R$9:$Y$9)*(Results!$R$9:$Y$9<>""))*Settings!$B$11) -> 16 | D4: =IF($A4="","",SUMPRODUCT(('Knockout Picks'!$Z2:$AC2=Results!$Z$9:$AC$9)*(Results!$Z$9:$AC$9<>""))*Settings!$B$12) -> 16 | E4: =IF($A4="","",SUMPRODUCT(('Knockout Picks'!$AD2:$AE2=Results!$AD$9:$AE$9)*(Results!$AD$9:$AE$9<>""))*Settings!$B$13) -> 16 | F4: =IF($A4="","",SUMPRODUCT(('Knockout Picks'!$AF2=Results!$AF$9)*(Results!$AF$9<>""))*Settings!$B$14) -> 16 | G4: =IF($A4="","",SUM(B4:F4)) -> 80 | H4: =IF($A4="","",RANK(G4,$G$4:$G$43,0)) -> 1
A5: =IF('Knockout Picks'!A3="","",'Knockout Picks'!A3) -> Bob (sample) | B5: =IF($A5="","",SUMPRODUCT(('Knockout Picks'!$B3:$Q3=Results!$B$9:$Q$9)*(Results!$B$9:$Q$9<>""))*Settings!$B$10) -> 10 | C5: =IF($A5="","",SUMPRODUCT(('Knockout Picks'!$R3:$Y3=Results!$R$9:$Y$9)*(Results!$R$9:$Y$9<>""))*Settings!$B$11) -> 16 | D5: =IF($A5="","",SUMPRODUCT(('Knockout Picks'!$Z3:$AC3=Results!$Z$9:$AC$9)*(Results!$Z$9:$AC$9<>""))*Settings!$B$12) -> 16 | E5: =IF($A5="","",SUMPRODUCT(('Knockout Picks'!$AD3:$AE3=Results!$AD$9:$AE$9)*(Results!$AD$9:$AE$9<>""))*Settings!$B$13) -> 16 | F5: =IF($A5="","",SUMPRODUCT(('Knockout Picks'!$AF3=Results!$AF$9)*(Results!$AF$9<>""))*Settings!$B$14) -> 16 | G5: =IF($A5="","",SUM(B5:F5)) -> 74 | H5: =IF($A5="","",RANK(G5,$G$4:$G$43,0)) -> 2
A6: =IF('Knockout Picks'!A4="","",'Knockout Picks'!A4) -> Cara (sample) | B6: =IF($A6="","",SUMPRODUCT(('Knockout Picks'!$B4:$Q4=Results!$B$9:$Q$9)*(Results!$B$9:$Q$9<>""))*Settings!$B$10) -> 9 | C6: =IF($A6="","",SUMPRODUCT(('Knockout Picks'!$R4:$Y4=Results!$R$9:$Y$9)*(Results!$R$9:$Y$9<>""))*Settings!$B$11) -> 12 | D6: =IF($A6="","",SUMPRODUCT(('Knockout Picks'!$Z4:$AC4=Results!$Z$9:$AC$9)*(Results!$Z$9:$AC$9<>""))*Settings!$B$12) -> 8 | E6: =IF($A6="","",SUMPRODUCT(('Knockout Picks'!$AD4:$AE4=Results!$AD$9:$AE$9)*(Results!$AD$9:$AE$9<>""))*Settings!$B$13) -> 16 | F6: =IF($A6="","",SUMPRODUCT(('Knockout Picks'!$AF4=Results!$AF$9)*(Results!$AF$9<>""))*Settings!$B$14) -> 0 | G6: =IF($A6="","",SUM(B6:F6)) -> 45 | H6: =IF($A6="","",RANK(G6,$G$4:$G$43,0)) -> 3
A7: =IF('Knockout Picks'!A5="","",'Knockout Picks'!A5) | B7: =IF($A7="","",SUMPRODUCT(('Knockout Picks'!$B5:$Q5=Results!$B$9:$Q$9)*(Results!$B$9:$Q$9<>""))*Settings!$B$10) | C7: =IF($A7="","",SUMPRODUCT(('Knockout Picks'!$R5:$Y5=Results!$R$9:$Y$9)*(Results!$R$9:$Y$9<>""))*Settings!$B$11) | D7: =IF($A7="","",SUMPRODUCT(('Knockout Picks'!$Z5:$AC5=Results!$Z$9:$AC$9)*(Results!$Z$9:$AC$9<>""))*Settings!$B$12) | E7: =IF($A7="","",SUMPRODUCT(('Knockout Picks'!$AD5:$AE5=Results!$AD$9:$AE$9)*(Results!$AD$9:$AE$9<>""))*Settings!$B$13) | F7: =IF($A7="","",SUMPRODUCT(('Knockout Picks'!$AF5=Results!$AF$9)*(Results!$AF$9<>""))*Settings!$B$14) | G7: =IF($A7="","",SUM(B7:F7)) | H7: =IF($A7="","",RANK(G7,$G$4:$G$43,0))
A8: =IF('Knockout Picks'!A6="","",'Knockout Picks'!A6) | B8: =IF($A8="","",SUMPRODUCT(('Knockout Picks'!$B6:$Q6=Results!$B$9:$Q$9)*(Results!$B$9:$Q$9<>""))*Settings!$B$10) | C8: =IF($A8="","",SUMPRODUCT(('Knockout Picks'!$R6:$Y6=Results!$R$9:$Y$9)*(Results!$R$9:$Y$9<>""))*Settings!$B$11) | D8: =IF($A8="","",SUMPRODUCT(('Knockout Picks'!$Z6:$AC6=Results!$Z$9:$AC$9)*(Results!$Z$9:$AC$9<>""))*Settings!$B$12) | E8: =IF($A8="","",SUMPRODUCT(('Knockout Picks'!$AD6:$AE6=Results!$AD$9:$AE$9)*(Results!$AD$9:$AE$9<>""))*Settings!$B$13) | F8: =IF($A8="","",SUMPRODUCT(('Knockout Picks'!$AF6=Results!$AF$9)*(Results!$AF$9<>""))*Settings!$B$14) | G8: =IF($A8="","",SUM(B8:F8)) | H8: =IF($A8="","",RANK(G8,$G$4:$G$43,0))
A9: =IF('Knockout Picks'!A7="","",'Knockout Picks'!A7) | B9: =IF($A9="","",SUMPRODUCT(('Knockout Picks'!$B7:$Q7=Results!$B$9:$Q$9)*(Results!$B$9:$Q$9<>""))*Settings!$B$10) | C9: =IF($A9="","",SUMPRODUCT(('Knockout Picks'!$R7:$Y7=Results!$R$9:$Y$9)*(Results!$R$9:$Y$9<>""))*Settings!$B$11) | D9: =IF($A9="","",SUMPRODUCT(('Knockout Picks'!$Z7:$AC7=Results!$Z$9:$AC$9)*(Results!$Z$9:$AC$9<>""))*Settings!$B$12) | E9: =IF($A9="","",SUMPRODUCT(('Knockout Picks'!$AD7:$AE7=Results!$AD$9:$AE$9)*(Results!$AD$9:$AE$9<>""))*Settings!$B$13) | F9: =IF($A9="","",SUMPRODUCT(('Knockout Picks'!$AF7=Results!$AF$9)*(Results!$AF$9<>""))*Settings!$B$14) | G9: =IF($A9="","",SUM(B9:F9)) | H9: =IF($A9="","",RANK(G9,$G$4:$G$43,0))
A10: =IF('Knockout Picks'!A8="","",'Knockout Picks'!A8) | B10: =IF($A10="","",SUMPRODUCT(('Knockout Picks'!$B8:$Q8=Results!$B$9:$Q$9)*(Results!$B$9:$Q$9<>""))*Settings!$B$10) | C10: =IF($A10="","",SUMPRODUCT(('Knockout Picks'!$R8:$Y8=Results!$R$9:$Y$9)*(Results!$R$9:$Y$9<>""))*Settings!$B$11) | D10: =IF($A10="","",SUMPRODUCT(('Knockout Picks'!$Z8:$AC8=Results!$Z$9:$AC$9)*(Results!$Z$9:$AC$9<>""))*Settings!$B$12) | E10: =IF($A10="","",SUMPRODUCT(('Knockout Picks'!$AD8:$AE8=Results!$AD$9:$AE$9)*(Results!$AD$9:$AE$9<>""))*Settings!$B$13) | F10: =IF($A10="","",SUMPRODUCT(('Knockout Picks'!$AF8=Results!$AF$9)*(Results!$AF$9<>""))*Settings!$B$14) | G10: =IF($A10="","",SUM(B10:F10)) | H10: =IF($A10="","",RANK(G10,$G$4:$G$43,0))
A11: =IF('Knockout Picks'!A9="","",'Knockout Picks'!A9) | B11: =IF($A11="","",SUMPRODUCT(('Knockout Picks'!$B9:$Q9=Results!$B$9:$Q$9)*(Results!$B$9:$Q$9<>""))*Settings!$B$10) | C11: =IF($A11="","",SUMPRODUCT(('Knockout Picks'!$R9:$Y9=Results!$R$9:$Y$9)*(Results!$R$9:$Y$9<>""))*Settings!$B$11) | D11: =IF($A11="","",SUMPRODUCT(('Knockout Picks'!$Z9:$AC9=Results!$Z$9:$AC$9)*(Results!$Z$9:$AC$9<>""))*Settings!$B$12) | E11: =IF($A11="","",SUMPRODUCT(('Knockout Picks'!$AD9:$AE9=Results!$AD$9:$AE$9)*(Results!$AD$9:$AE$9<>""))*Settings!$B$13) | F11: =IF($A11="","",SUMPRODUCT(('Knockout Picks'!$AF9=Results!$AF$9)*(Results!$AF$9<>""))*Settings!$B$14) | G11: =IF($A11="","",SUM(B11:F11)) | H11: =IF($A11="","",RANK(G11,$G$4:$G$43,0))
A12: =IF('Knockout Picks'!A10="","",'Knockout Picks'!A10) | B12: =IF($A12="","",SUMPRODUCT(('Knockout Picks'!$B10:$Q10=Results!$B$9:$Q$9)*(Results!$B$9:$Q$9<>""))*Settings!$B$10) | C12: =IF($A12="","",SUMPRODUCT(('Knockout Picks'!$R10:$Y10=Results!$R$9:$Y$9)*(Results!$R$9:$Y$9<>""))*Settings!$B$11) | D12: =IF($A12="","",SUMPRODUCT(('Knockout Picks'!$Z10:$AC10=Results!$Z$9:$AC$9)*(Results!$Z$9:$AC$9<>""))*Settings!$B$12) | E12: =IF($A12="","",SUMPRODUCT(('Knockout Picks'!$AD10:$AE10=Results!$AD$9:$AE$9)*(Results!$AD$9:$AE$9<>""))*Settings!$B$13) | F12: =IF($A12="","",SUMPRODUCT(('Knockout Picks'!$AF10=Results!$AF$9)*(Results!$AF$9<>""))*Settings!$B$14) | G12: =IF($A12="","",SUM(B12:F12)) | H12: =IF($A12="","",RANK(G12,$G$4:$G$43,0))
A13: =IF('Knockout Picks'!A11="","",'Knockout Picks'!A11) | B13: =IF($A13="","",SUMPRODUCT(('Knockout Picks'!$B11:$Q11=Results!$B$9:$Q$9)*(Results!$B$9:$Q$9<>""))*Settings!$B$10) | C13: =IF($A13="","",SUMPRODUCT(('Knockout Picks'!$R11:$Y11=Results!$R$9:$Y$9)*(Results!$R$9:$Y$9<>""))*Settings!$B$11) | D13: =IF($A13="","",SUMPRODUCT(('Knockout Picks'!$Z11:$AC11=Results!$Z$9:$AC$9)*(Results!$Z$9:$AC$9<>""))*Settings!$B$12) | E13: =IF($A13="","",SUMPRODUCT(('Knockout Picks'!$AD11:$AE11=Results!$AD$9:$AE$9)*(Results!$AD$9:$AE$9<>""))*Settings!$B$13) | F13: =IF($A13="","",SUMPRODUCT(('Knockout Picks'!$AF11=Results!$AF$9)*(Results!$AF$9<>""))*Settings!$B$14) | G13: =IF($A13="","",SUM(B13:F13)) | H13: =IF($A13="","",RANK(G13,$G$4:$G$43,0))
A14: =IF('Knockout Picks'!A12="","",'Knockout Picks'!A12) | B14: =IF($A14="","",SUMPRODUCT(('Knockout Picks'!$B12:$Q12=Results!$B$9:$Q$9)*(Results!$B$9:$Q$9<>""))*Settings!$B$10) | C14: =IF($A14="","",SUMPRODUCT(('Knockout Picks'!$R12:$Y12=Results!$R$9:$Y$9)*(Results!$R$9:$Y$9<>""))*Settings!$B$11) | D14: =IF($A14="","",SUMPRODUCT(('Knockout Picks'!$Z12:$AC12=Results!$Z$9:$AC$9)*(Results!$Z$9:$AC$9<>""))*Settings!$B$12) | E14: =IF($A14="","",SUMPRODUCT(('Knockout Picks'!$AD12:$AE12=Results!$AD$9:$AE$9)*(Results!$AD$9:$AE$9<>""))*Settings!$B$13) | F14: =IF($A14="","",SUMPRODUCT(('Knockout Picks'!$AF12=Results!$AF$9)*(Results!$AF$9<>""))*Settings!$B$14) | G14: =IF($A14="","",SUM(B14:F14)) | H14: =IF($A14="","",RANK(G14,$G$4:$G$43,0))
A15: =IF('Knockout Picks'!A13="","",'Knockout Picks'!A13) | B15: =IF($A15="","",SUMPRODUCT(('Knockout Picks'!$B13:$Q13=Results!$B$9:$Q$9)*(Results!$B$9:$Q$9<>""))*Settings!$B$10) | C15: =IF($A15="","",SUMPRODUCT(('Knockout Picks'!$R13:$Y13=Results!$R$9:$Y$9)*(Results!$R$9:$Y$9<>""))*Settings!$B$11) | D15: =IF($A15="","",SUMPRODUCT(('Knockout Picks'!$Z13:$AC13=Results!$Z$9:$AC$9)*(Results!$Z$9:$AC$9<>""))*Settings!$B$12) | E15: =IF($A15="","",SUMPRODUCT(('Knockout Picks'!$AD13:$AE13=Results!$AD$9:$AE$9)*(Results!$AD$9:$AE$9<>""))*Settings!$B$13) | F15: =IF($A15="","",SUMPRODUCT(('Knockout Picks'!$AF13=Results!$AF$9)*(Results!$AF$9<>""))*Settings!$B$14) | G15: =IF($A15="","",SUM(B15:F15)) | H15: =IF($A15="","",RANK(G15,$G$4:$G$43,0))
... A43: =IF('Knockout Picks'!A41="","",'Knockout Picks'!A41) | B43: =IF($A43="","",SUMPRODUCT(('Knockout Picks'!$B41:$Q41=Results!$B$9:$Q$9)*(Results!$B$9:$Q$9<>""))*Settings!$B$10) | C43: =IF($A43="","",SUMPRODUCT(('Knockout Picks'!$R41:$Y41=Results!$R$9:$Y$9)*(Results!$R$9:$Y$9<>""))*Settings!$B$11) | D43: =IF($A43="","",SUMPRODUCT(('Knockout Picks'!$Z41:$AC41=Results!$Z$9:$AC$9)*(Results!$Z$9:$AC$9<>""))*Settings!$B$12) | E43: =IF($A43="","",SUMPRODUCT(('Knockout Picks'!$AD41:$AE41=Results!$AD$9:$AE$9)*(Results!$AD$9:$AE$9<>""))*Settings!$B$13) | F43: =IF($A43="","",SUMPRODUCT(('Knockout Picks'!$AF41=Results!$AF$9)*(Results!$AF$9<>""))*Settings!$B$14) | G43: =IF($A43="","",SUM(B43:F43)) | H43: =IF($A43="","",RANK(G43,$G$4:$G$43,0))
A45: Knockout CHAMPION (most total points) | B45: =IF(SUM($G$4:$G$43)=0,"TBD",INDEX($A$4:$A$43,MATCH(MAX($G$4:$G$43),$G$4:$G$43,0))) -> Alice (sample) | C45: =IF(SUM($G$4:$G$43)=0,"",MAX($G$4:$G$43)&" pts") -> 80 pts
A47: If two people tie, split the pot (note it on Payouts). Want flat scoring? Set all round values to 1 on Settings.

Sheet Payouts
A1: PAYOUTS — two pools, two winners, two pots
A3: The pots
A4: Group entries (people who picked) | B4: =COUNTA('Group Picks'!A2:A41) -> 3
A5: Group pot | B5: =B4*Settings!$B$18 -> 60
A6: Knockout entries (people who picked) | B6: =COUNTA('Knockout Picks'!A2:A41) -> 3
A7: Knockout pot | B7: =B6*Settings!$B$19 -> 60
A9: Who gets paid
A10: Pool | B10: Winner | C10: Pays
A11: Group stage | B11: =IF(COUNTA('Group Leaderboard'!$A$4:$A$43)=0,"TBD",IFERROR(INDEX('Group Leaderboard'!$A$4:$A$43,MATCH(1,'Group Leaderboard'!$G$4:$G$43,0)),"TBD")) -> Alice (sample) | C11: =B5 -> 60
A12: Knockout | B12: ='Knockout Leaderboard'!B45 -> Alice (sample) | C12: =B7 -> 60
A13: Total paid out | C13: =C11+C12 -> 120
A15: (Total should equal both pots combined.)
